John,478
Mel,875
Mary,306
Jessica,942
John,422
Jessica,607
Mel,752
Jessica,424
Mary,950
John,552
Bob,567
Jessica,79
Jessica,476
Jessica,800
Mel,732
Bob,155
Mary,508
Jessica,523
Bob,306
Bob,348
Mel,870
Jessica,273
Mel,539
Jessica,879
Jessica,671
Bob,892
Bob,679
Bob,219
John,746
Mel,623
Mel,1000
John,619
Mel,712
Mary,295
Mary,494
Mel,742
Mary,30
Bob,760
Mary,336
Mel,612
John,332
Mary,764
John,789
Jessica,650
John,580
John,428
Bob,733
Mel,599
Mel,839
John,423
Jessica,183
John,805
Jessica,797
Bob,8
Mel,203
John,528
Jessica,79
Mary,889
Bob,8
Mel,144
Jessica,753
Mel,699
Mary,4
Mary,541
Jessica,873
Bob,536
Bob,87
Bob,870
Jessica,979
Bob,72
Mary,992
Jessica,115
Jessica,530
Jessica,159
Jessica,223
Mary,379
Mary,57
Mary,532
Bob,868
Bob,900
Bob,60
Mary,189
Mary,535
Jessica,323
Mary,929
Bob,838
Jessica,982
Mary,381
Mel,172
Mary,23
John,613
Bob,109
John,232
Mary,745
Mary,575
John,288
John,330
Jessica,456
Jessica,880
Mel,18
John,912
Mel,417
Mary,779
John,883
John,272
Mary,789
John,16
John,582
Jessica,975
Jessica,551
Mel,50
John,222
Jessica,498
Mary,80
Mel,155
John,581
Mel,823
Mel,711
Jessica,516
Mary,454
Mel,708
Mel,579
Mel,50
Jessica,346
Jessica,299
John,266
Jessica,668
Bob,534
Mary,892
John,18
Mary,631
Mary,217
Mary,292
Bob,97
John,544
Mel,158
Mel,104
Mary,523
Jessica,704
Mel,223
Jessica,828
Bob,495
Mel,543
Jessica,496
Jessica,188
Jessica,974
Bob,181
Mel,284
Mary,926
Mel,952
Jessica,131
Mary,183
Mary,234
Bob,551
John,246
Bob,911
Mel,144
Mary,325
John,556
Mel,606
Bob,269
Bob,673
Mary,514
Mel,24
Bob,449
John,200
Jessica,276
Mary,859
Mary,925
Jessica,490
Mel,886
Mary,89
Jessica,319
Bob,563
Mel,158
Mel,254
Bob,822
Bob,654
John,861
Jessica,121
John,662
John,913
John,609
Bob,572
John,848
Jessica,107
Mary,90
Jessica,316
Jessica,172
Bob,376
Mary,885
Jessica,445
Mel,727
Mary,997
John,103
John,319
Jessica,400
Bob,498
Jessica,724
John,716
Mary,893
John,986
Bob,941
John,563
Jessica,788
Mary,499
Mel,564
John,880
Mary,930
Mel,772
Bob,753
Jessica,270
Bob,614
John,929
John,264
Mel,606
Bob,796
John,782
Mel,877
Bob,911
Mel,552
John,326
Mel,857
Jessica,198
Mary,381
Jessica,487
Mary,992
John,16
Mary,431
Mary,295
John,667
Mel,180
Jessica,848
Bob,751
Jessica,445
Bob,718
Jessica,87
Mel,64
Jessica,256
Jessica,917
Mel,990
John,773
Mary,405
Mel,953
Mel,771
John,605
John,395
Mary,51
Bob,802
Mary,432
Mary,297
Mary,725
John,100
Bob,451
Mel,406
Mel,539
Jessica,671
John,331
John,750
Bob,6
John,5
John,425
John,410
Bob,540
John,130
John,909
Bob,190
Mel,336
John,413
John,521
Mary,566
Mel,899
Mel,813
Jessica,445
Mel,783
Mel,651
Mary,241
Jessica,254
Mel,937
Bob,789
Bob,294
Mel,824
John,121
John,326
Jessica,430
John,510
Bob,939
Mary,470
Bob,722
Bob,280
Bob,787
Jessica,561
John,128
Jessica,187
John,800
Mel,111
John,254
John,734
Jessica,87
Jessica,806
Bob,533
Mary,467
John,671
Mary,541
Bob,399
John,495
Mary,802
Jessica,200
John,961
John,35
Mary,663
Bob,582
John,752
Mary,810
Bob,38
Mary,834
John,587
Mary,682
Mel,948
Bob,875
Bob,548
Mary,373
John,581
Bob,913
Mel,940
Mel,909
Jessica,391
Jessica,381
Mary,146
Bob,242
John,501
John,600
Jessica,247
Mary,122
John,105
Jessica,392
John,233
John,848
John,400
Mary,732
Mary,390
Jessica,584
Bob,145
Mary,137
John,242
Bob,554
Jessica,579
Mary,762
Jessica,698
John,96
Bob,494
Mary,165
Mary,770
John,21
Jessica,476
Bob,725
Mel,633
John,601
Mary,535
Jessica,668
Bob,195
John,614
John,107
Mary,245
John,191
John,751
Mel,253
Mel,667
John,252
Mary,102
Jessica,242
Mel,726
John,351
Jessica,771
Bob,566
Jessica,449
Bob,152
Mel,298
John,215
Mary,254
Jessica,388
John,560
Bob,190
Bob,661
John,210
Mary,241
Mary,971
John,355
Mel,211
Mel,146
Bob,396
Mel,366
Jessica,887
Bob,362
Mel,648
Jessica,14
Mel,821
John,317
John,451
John,18
Bob,391
Bob,963
Jessica,88
Mel,154
Mel,147
Mary,449
Bob,629
Bob,556
Jessica,24
John,734
Bob,687
Bob,880
Mel,258
Bob,9
Bob,930
Mel,968
John,348
Mary,2
Mary,803
Jessica,622
John,121
Mel,254
Bob,770
John,653
Mary,442
Mary,942
Jessica,901
Bob,599
Bob,476
Bob,487
Bob,609
Mel,466
Mel,130
Mel,279
Jessica,241
John,954
Mary,993
Mel,258
Jessica,92
Jessica,513
John,883
Jessica,14
Bob,659
John,551
Mel,942
Mel,733
Mel,652
Jessica,221
Jessica,220
Jessica,925
Mel,709
Mel,556
John,947
John,262
Mel,440
Jessica,430
Mary,386
Mary,759
Bob,527
Jessica,950
Jessica,16
Bob,458
Bob,279
John,134
Bob,425
Jessica,545
Bob,717
Mary,747
Mel,46
Mel,412
Mel,610
Bob,85
Mary,513
Mary,293
Mary,320
John,186
Jessica,824
Mel,993
Bob,586
John,130
Bob,596
Bob,551
Jessica,45
Bob,126
Mary,63
Mary,82
Mel,311
John,332
Mary,768
Jessica,400
Mary,811
Mary,609
Mary,999
Bob,594
Jessica,516
Jessica,107
Jessica,390
John,963
Mary,889
Bob,169
Mary,38
Mel,990
Bob,956
Jessica,760
Mel,744
John,781
Mel,764
John,887
Mary,773
Mel,95
Mel,27
Jessica,372
Bob,177
Mary,772
Mary,158
Jessica,927
Jessica,276
Mel,522
Mel,52
Mary,124
Jessica,945
Bob,307
Mel,844
John,867
Mel,740
John,443
Mary,316
Jessica,632
Mel,36
John,77
Mel,390
Mel,311
Jessica,408
John,174
Mary,808
Mary,947
John,298
Jessica,251
Mary,436
Jessica,787
Bob,435
Jessica,181
Jessica,499
Jessica,855
Bob,509
Mary,371
Mel,191
Bob,678
John,672
John,509
John,968
Mary,64
Mary,165
John,599
Mel,475
Jessica,202
Jessica,685
John,564
Bob,873
Bob,433
Jessica,708
John,274
Jessica,504
Bob,802
Mel,447
Mary,994
Jessica,524
Jessica,925
Jessica,873
Mel,84
Jessica,247
Mary,383
Mel,826
Bob,633
Jessica,460
Jessica,917
Mary,371
Mel,857
Mel,471
Mary,217
Mel,268
Bob,660
John,882
John,616
Mel,903
Bob,629
John,191
Mary,672
Bob,825
Jessica,411
Mary,982
John,347
Jessica,94
Jessica,301
Mel,671
John,74
John,416
Bob,139
Mel,653
Mary,719
Mary,525
Jessica,40
Bob,787
Bob,504
Bob,435
Bob,423
Mel,973
Jessica,675
Mary,749
Bob,73
Bob,527
Mel,54
Jessica,805
John,500
Mary,81
Jessica,963
Mary,984
Mary,826
Jessica,38
Bob,983
Mel,559
Jessica,264
Mel,634
John,538
John,555
Bob,732
Mel,69
Mel,10
Mel,110
Mel,628
Mel,487
Mary,240
John,933
Mel,686
John,127
Bob,139
Jessica,322
Mel,372
John,403
Bob,753
Mary,77
Mel,415
Mary,807
Mel,954
Bob,53
John,671
Bob,260
Mel,838
Bob,556
Mary,820
Mel,453
John,35
John,613
Bob,673
Bob,959
Bob,139
Mel,872
Mel,650
Jessica,46
John,239
Mary,129
Mary,448
Mel,719
Jessica,825
Mary,323
John,269
Bob,892
Jessica,235
Bob,112
John,384
John,160
Mary,468
Mary,737
John,582
Jessica,681
Mary,52
John,514
John,832
Mary,654
Mel,902
Jessica,753
Bob,873
Mel,709
Mel,69
John,217
Mary,285
Bob,113
Jessica,89
Jessica,832
Jessica,728
Jessica,699
Bob,328
Jessica,759
Mel,463
Bob,230
Jessica,624
Mary,786
Mary,456
Mel,370
Mel,978
Bob,539
Mel,824
Mary,110
John,399
Bob,615
Jessica,623
Bob,795
Mary,417
John,137
Mary,111
Mel,387
Mary,4
Mel,356
Jessica,584
Mary,646
John,677
Jessica,410
John,845
Mary,521
Jessica,509
Mel,514
Jessica,528
Mel,539
Bob,789
Jessica,267
Jessica,635
Jessica,801
Bob,98
Bob,961
Mel,899
Jessica,74
John,294
John,868
Jessica,687
Mel,293
Mary,110
Mel,131
Bob,949
Jessica,95
John,136
Mel,960
John,424
Bob,130
Mel,457
John,30
John,106
John,296
Jessica,160
Bob,388
Jessica,26
Mel,280
Bob,948
Mary,864
Mary,279
John,769
John,954
Bob,400
Mel,342
Mel,951
Mary,507
Mary,872
Jessica,665
Mel,674
Mel,108
Mary,41
Jessica,691
John,532
Jessica,301
Mary,201
Mel,621
John,25
Jessica,640
Bob,947
Jessica,543
Mel,653
Mary,270
John,123
Mary,227
Jessica,752
Bob,31
Bob,307
Mary,23
Mel,619
Mel,947
John,539
Jessica,585
John,876
John,624
Bob,529
Bob,503
Mel,886
Jessica,962
Jessica,571
Mary,844
Jessica,661
Bob,473
John,448
John,875
Jessica,1000
Mel,903
John,567
John,456
Mel,760
John,464
Mel,224
Mary,367
Mary,481
Bob,855
Jessica,774
Jessica,170
Jessica,850
Bob,745
Jessica,568
Bob,386
John,475
Mel,539
Mary,701
Bob,331
Mary,717
Bob,567
Jessica,79
Mary,853
John,16
Mary,171
Mel,725
Bob,357
Bob,795
Jessica,538
John,756
Jessica,820
Jessica,560
Jessica,713
Mary,445
Bob,27
Mary,653
Jessica,226
Mary,79
Mel,269
Jessica,183
John,194
Mary,99
Bob,288
Jessica,83
Mel,257
Bob,840
John,492
Mary,376
Bob,424
Mel,671
Jessica,823
Mary,697
Mel,848
John,664
Bob,576
Jessica,83
Bob,536
Mel,321
Jessica,907
John,881
Mel,909
Mel,908
Jessica,881
Mel,398
Mary,295
John,692
Mary,657
Mel,979
Bob,458
Mary,892
Jessica,638
Mary,264
Bob,39
Jessica,119
Jessica,652
Mel,373
John,325
Jessica,509
John,250
Bob,156
Jessica,832
Jessica,615
John,710
Bob,309
Mary,482
John,496
Mary,254
Mary,364
Bob,760
Mary,618
Jessica,462
John,954
Bob,475
Jessica,991
Jessica,881
Mel,440
John,618
Jessica,796
Bob,927
Mary,627
Bob,171
John,146
Mary,490
Bob,357
Mel,6
Mary,249
Bob,975
Mary,362
Bob,19
Mel,388
Bob,871
Jessica,646
John,705
Mary,450
Jessica,320
Bob,955
John,163
Jessica,767
John,179
John,648
Mary,842
Mel,401
Bob,379
Mel,595
Bob,616
Mary,673
Jessica,783
Jessica,463
John,11
John,273
John,742
Mary,646
John,312
Mary,608
John,392
Mel,457
Bob,553
Mel,353
Mel,152
John,868
Mary,765
Mary,584
John,399
Mary,235
John,759
John,116
John,699
Jessica,772
Jessica,405
John,111
Mary,459
Mary,153
Mary,816
Bob,656
Mary,346
Mel,988
John,356
Jessica,984
Bob,301
Mary,124
Bob,298
Mel,31
Mary,805
Jessica,801
Mel,522
Jessica,363
John,781
Bob,433
Mary,436
Mel,300
Mary,80
Jessica,115
Mel,519
Mary,952
John,573
John,844
Jessica,174
John,117
Jessica,923
Mel,44
Bob,251
Jessica,20
Jessica,203
Jessica,875
Mel,747
John,479
John,662
Mel,689
Jessica,6
Jessica,134
Mary,596
Bob,529
Mel,141
Jessica,930
Mary,210
Bob,753
John,479
Bob,501
Mel,438
John,707
Bob,259
